"","reviewid","label","genre","title","artist","score","best_new_music","pub_month","pub_year","genre_occurrences","label_count"
"1",22721,"hathenter","metal","prelapsarian","krallice",7.9,0,1,2017,914,1
"2",22702,"profound lore","metal","what graceless dawn","worm ouroboros",7.5,0,12,2016,914,74
"3",22559,"rhino","metal","the great southern trendkill","pantera",7.7,0,12,2016,914,107
"4",22629,"blackened recordings","metal","hardwired...to self-destruct","metallica",6.5,0,11,2016,914,1
"5",22617,"sumerian","metal","the madness of many","animals as leaders",6.4,0,11,2016,914,2
"6",22502,"earmusic","metal","dead to the world","helmet",6.8,0,11,2016,914,1
"7",22540,"cooking vinyl","metal","dissociation","the dillinger escape plan",6.9,0,11,2016,914,34
"8",22540,"party smasher inc.","metal","dissociation","the dillinger escape plan",6.9,0,11,2016,914,2
"9",22557,"20 buck spin","metal","hunted","khemmis",7.6,0,10,2016,914,12
"10",22503,"nuclear blast","metal","the violent sleep of reason","meshuggah",6.5,0,10,2016,914,19
"11",22495,"peaceville","metal","arctic thunder","darkthrone",7.2,0,10,2016,914,4
"12",22460,"relapse","metal","sonoran depravation","gatecreeper",7.5,0,10,2016,914,119
"13",22439,"metal blade","metal","while they were sleeping","candiria",7.2,0,10,2016,914,23
"14",22466,"nuclear blast","metal","sorceress","opeth",6.7,0,10,2016,914,19
"15",22476,"neurot","metal","fires within fires","neurosis",7.1,0,10,2016,914,25
"16",22373,"deathwish","metal","rheia","oathbreaker",7.8,0,10,2016,914,15
"17",22326,"profound lore","metal","fear and fury","pallbearer",7.4,0,9,2016,914,74
"18",22357,"relapse","metal","sumerlands","sumerlands",8,0,9,2016,914,119
"19",22379,"thrill jockey","metal","light falls","wrekmeister harmonies",7.7,0,9,2016,914,320
"20",22205,"nordvis","metal","revisions of the past","panopticon",7,0,8,2016,914,2
"21",22205,"bindrune","metal","revisions of the past","panopticon",7,0,8,2016,914,2
"22",22196,"epitaph","metal","hypercaffium spazzinate","descendents",7.3,0,8,2016,914,52
"23",22142,"nuclear blast","metal","meshuggah ep","meshuggah",4,0,8,2016,914,19
"24",22133,"profound lore","metal","stranger to violence","psalm zero",6.4,0,7,2016,914,74
"25",22147,"sargent house","metal","guidance","russian circles",7.5,0,7,2016,914,31
"26",22129,"metal blade","metal","dead revolution","hammers of misfortune",7.8,0,7,2016,914,23
"27",22098,"joyful noise","metal","command your weather","big business",7.6,0,7,2016,914,23
"28",22127,"the flenser","metal","indifferent rivers romance end","wreck and reference",8,0,7,2016,914,6
"29",22099,"rise","metal","gone is gone","gone is gone",5.3,0,7,2016,914,2
"30",22015,"roadrunner","metal","magma","gojira",7.6,0,7,2016,914,20
"31",22074,"relapse","metal","paradise gallows","inter arma",8,0,7,2016,914,119
"32",22041,"debemur morti","metal","codex obscura nomina","blut aus nord, vangelist",7.4,0,6,2016,914,11
"33",21982,"nuclear blast","metal","you will never be one of us","nails",7.8,0,6,2016,914,19
"34",21889,"thrill jockey","metal","what one becomes","sumac",7.8,0,6,2016,914,320
"35",21654,"numero group","metal","it came from n.y.c.","white zombie",8.1,0,6,2016,914,62
"36",21959,"ipecac","metal","basses loaded","melvins",5.5,0,6,2016,914,96
"37",21818,"roadrunner","metal","nattesferd","kvelertak",8,0,5,2016,914,20
"38",21645,"earache","metal","terminal redux","vektor",8.2,0,5,2016,914,3
"39",21762,"century media","metal","bergtatt","ulver",8.7,1,4,2016,914,26
"40",21832,"party smasher inc.","metal","the future of death","primitive weapons",8,0,4,2016,914,2
"41",21755,"self-released","metal","kill 'em all","metallica",8.6,0,4,2016,914,475
"42",21732,"dais records","metal","commitment to complications","youth code",7.5,0,4,2016,914,12
"43",21547,"warner bros.","metal","gore","deftones",7.8,0,4,2016,914,197
"44",21633,"relapse","metal","all empires fall","tombs",7.8,0,4,2016,914,119
"45",21685,"profound lore","metal","slow forever","cobalt",8.4,0,3,2016,914,74
"46",21684,"neurot","metal","one day you will ache like i ache","the body, full of hell",7.6,0,3,2016,914,25
"47",21672,"relapse","metal","gensho","boris, merzbow",5.7,0,3,2016,914,119
"48",21640,"relapse","metal","the great destroyer","gadget",7,0,3,2016,914,119
"49",21631,"thrill jockey","metal","no one deserves happiness","the body",7.7,0,3,2016,914,320
"50",21610,"20 buck spin","metal","vrhtelij","oranssi pazuzu",7.9,0,3,2016,914,12
"51",21339,"rough trade","metal","jesu/sun kil moon","jesu, sun kil moon",7.5,0,2,2016,914,145
"52",21339,"caldo verde","metal","jesu/sun kil moon","jesu, sun kil moon",7.5,0,2,2016,914,32
"53",21529,"the ajna offensive","metal","voix","aluk todolo",7.9,0,2,2016,914,2
"54",21498,"relapse","metal","pillars of ash","black tusk",8.2,0,2,2016,914,119
"55",21456,"house of mythology","metal","atgclvlsscap","ulver",6.5,0,1,2016,914,2
"56",21422,"self-released","metal","hyperion ep","krallice",8.3,0,1,2016,914,475
"57",21432,"relapse","metal","bloodiest","bloodiest",6.5,0,1,2016,914,119
"58",21347,"relapse","metal","chasms","lycus",8,0,1,2016,914,119
"59",21395,"nuclear blast","metal","nucleus","witchcraft",5.5,0,1,2016,914,19
"60",21179,"abraxan hymns","metal","purple","baroness",8.5,1,12,2015,914,1
"61",21286,"southern lord","metal","kannon ","sunn o)))",6.5,0,12,2015,914,80
"62",21263,"20 buck spin","metal","journey blind","magic circle",7.6,0,12,2015,914,12
"63",21208,"thrill jockey","metal","night of your ascension","wrekmeister harmonies",7.8,0,11,2015,914,320
"64",21201,"at a loss","metal","the body & krieg","the body, krieg",7.5,0,11,2015,914,3
"65",21134,"dark descent","metal","anareta","horrendous",8.2,0,11,2015,914,3
"66",21242,"prosthetic","metal","n.v.","dragged into sunlight / gnaw their tongues",5.5,0,11,2015,914,16
"67",21207,"neurot","metal","know how to carry a whip","corrections house",7,0,11,2015,914,25
"68",21249,"new damage","metal","true will","white widows pact",7,0,11,2015,914,1
"69",21151,"forcefield","metal","songs of lament ep","yautja",7,0,10,2015,914,3
"70",21143,"profound lore","metal","deeper than sky","vhl",8.2,0,10,2015,914,74
"71",21106,"spinefarm","metal","international blackjazz society","shining",7,0,10,2015,914,4
"72",21200,"bindrune","metal","autumn eternal","panopticon",7.5,0,10,2015,914,2
"73",21200,"nordvis","metal","autumn eternal","panopticon",7.5,0,10,2015,914,2
"74",21054,"relapse","metal","grief's infernal flower","windhand",7.8,0,10,2015,914,119
"75",21052,"northern heritage","metal","exercises in futility","mga",7.8,0,10,2015,914,1
"76",21052,"no solace","metal","exercises in futility","mga",7.8,0,10,2015,914,1
"77",21186,"season of mist","metal","exhausting fire","kylesa",7.4,0,10,2015,914,23
"78",21022,"anti-","metal","new bermuda","deafheaven",9,1,10,2015,914,115
"79",21001,"nuclear blast","metal","repentless","slayer",6.8,0,9,2015,914,19
"80",20834,"gilead media","metal","litany","dead to a dying world",8.2,0,9,2015,914,3
"81",20833,"relapse","metal","m","myrkur",7.9,0,8,2015,914,119
"82",20790,"noise salvation","metal","desire will rot","fuck the facts",8,0,8,2015,914,1
"83",20907,"self-released","metal","woodstock sessions, vol. 4","team sleep",6,0,8,2015,914,475
"84",20904,"self-released","metal","ygg huur","krallice",8.2,0,8,2015,914,475
"85",20788,"hell's headbangers","metal","into the eye of satan","deiphago",7.3,0,8,2015,914,1
"86",20714,"epic","metal","vii: sturm und drang","lamb of god",7.8,0,7,2015,914,74
"87",20714,"nuclear blast","metal","vii: sturm und drang","lamb of god",7.8,0,7,2015,914,19
"88",20724,"relapse","metal","infinite dissolution","locrian",8.2,0,7,2015,914,119
"89",20608,"sargent house","metal","bleeder","mutoid man",7.4,0,6,2015,914,31
"90",20699,"gilead media","metal","untitled","false",8,0,6,2015,914,3
"91",20607,"deathwish","metal","year of the hare ep","fucked up",6,0,6,2015,914,15
"92",20651,"eone music","metal","luminiferous","high on fire",8,0,6,2015,914,2
"93",20601,"century media","metal","settler","vattnet viskar",7.4,0,6,2015,914,26
"94",20552,"season of mist","metal","success","ken mode",5.9,0,6,2015,914,23
"95",20598,"southern lord","metal","black age blues","goatsnake",7.3,0,6,2015,914,80
"96",20619,"hospital productions","metal","grands tyrans","akitsa",7.7,0,6,2015,914,7
"97",20547,"20 buck spin","metal","aria of vernal tombs","obsequiae",8,0,6,2015,914,12
"98",20581,"telephone explosion","metal","lo","crosss",7,0,5,2015,914,3
"99",20603,"a389","metal","blossoming decay","noisem",8,0,5,2015,914,2
"100",20352,"profound lore","metal","four phantoms","bell witch",8.2,0,4,2015,914,74
"101",20514,"butterscotch","metal","beauty pill describes things as they are","beauty pill",7.5,0,4,2015,914,1
"102",20496,"nuclear war now!","metal","transient","chaos echoes",6.1,0,4,2015,914,2
"103",20500,"grave mistake","metal","permanent exile","red death",7.5,0,4,2015,914,1
"104",20329,"century media","metal","the children of the night","tribulation",8.4,0,4,2015,914,26
"105",20480,"20 buck spin","metal","heretical anatomy","abyss",7.5,0,4,2015,914,12
"106",20313,"thrill jockey","metal","the ark work","liturgy",6.4,0,3,2015,914,320
"107",20383,"toxic state","metal","nasty witch rock","anasazi",6.5,0,3,2015,914,1
"108",20269,"broken limbs","metal","setter of unseen snares","cana",7.8,0,3,2015,914,2
"109",20315,"nuclear blast","metal","in times","enslaved",6.2,0,3,2015,914,19
"110",20273,"spinefarm","metal","where evil dwells","ranger",7.3,0,3,2015,914,4
"111",20267,"iron bonehead","metal","mysteries","black cilice",8,0,3,2015,914,1
"112",20303,"dark descent","metal","out of the garden","crypt sermon",7.5,0,3,2015,914,3
"113",20272,"the flenser","metal","valis","mastery",8,0,3,2015,914,6
"114",20098,"the flenser","metal","revisionist","sannhet",8.1,0,3,2015,914,6
"115",20256,"southern lord","metal","the cliff ep","pelican",6.7,0,2,2015,914,80
"116",20046,"relapse","metal","restarter","torche",7.9,0,2,2015,914,119
"117",20225,"profound lore","metal","the deal","sumac",7.4,0,2,2015,914,74
"118",20094,"profound lore","metal","scar sighted","leviathan",7.4,0,2,2015,914,74
"119",20126,"southern lord","metal","tierra y libertad","xibalba",7.6,0,1,2015,914,80
"120",20116,"century media","metal","apex predator - easy meat","napalm death",7.9,0,1,2015,914,26
"121",19970,"thrill jockey","metal","you, whom i have always hated","the body, thou",7.6,0,1,2015,914,320
"122",19908,"metal blade","metal","where greater men have fallen","primordial",7.9,0,12,2014,914,23
"123",19951,"translation loss","metal","minoans","giant squid",7.1,0,12,2014,914,6
"124",20022,"century media","metal","at war with reality","at the gates",6.9,0,12,2014,914,26
"125",19972,"profound lore","metal","full of hell & merzbow","merzbow, full of hell",5.5,0,12,2014,914,74
"126",19740,"thrill jockey","metal","then it all came down","wrekmeister harmonies",7.5,0,10,2014,914,320
"127",19945,"debemur morti","metal","memoria vetusta iii  saturnian poetry","blut aus nord",8.2,0,10,2014,914,11
"128",19523,"relapse","metal","the cavern ep","inter arma",8.3,0,10,2014,914,119
"129",19763,"relapse","metal","mass & volume ep","pig destroyer",7.4,0,10,2014,914,119
"130",19700,"ipecac","metal","hold it in","melvins",6.1,0,10,2014,914,96
"131",19890,"blackball","metal","24 hour revenge therapy","jawbreaker",9.1,1,10,2014,914,10
"132",19826,"dais records","metal","a place to stand ep","youth code",6.8,0,9,2014,914,12
"133",19808,"relapse","metal","myrkur","myrkur",5.9,0,9,2014,914,119
"134",19619,"suicide squeeze","metal","another language","this will destroy you",7.2,0,9,2014,914,54
"135",19777,"southern lord","metal","primitive and deadly","earth",7,0,9,2014,914,80
"136",19617,"neurot","metal","clearing the path to ascend","yob",8.2,0,9,2014,914,25
"137",19520,"roadrunner","metal","pale communion","opeth",4.3,0,8,2014,914,20
"138",19570,"profound lore","metal","foundations of burden","pallbearer",8.6,1,8,2014,914,74
"139",19677,"century media","metal","the world we left behind","nachtmystium",3.9,0,8,2014,914,26
"140",19509,"prosthetic","metal","harbinger","mutilation rites",7.5,0,7,2014,914,16
"141",19607,"metal blade","metal","constricting rage of the merciless","goatwhore",7,0,7,2014,914,23
"142",19492,"flenser","metal","want","wreck and reference",7.7,0,7,2014,914,2
"143",19497,"artemisia","metal","celestite","wolves in the throne room",4.7,0,7,2014,914,2
"144",19440,"relapse","metal","hail death","black anvil",7.5,0,7,2014,914,119
"145",19502,"topshelf","metal","no coast","braid",7.7,0,7,2014,914,9
"146",19565,"prosthetic","metal","blissfucker","trap them",7.3,0,6,2014,914,16
"147",19471,"reprise","metal","once more 'round the sun","mastodon",6.3,0,6,2014,914,47
"148",19300,"sargent house","metal","noise","boris",7.8,0,6,2014,914,31
"149",19444,"profound lore","metal","the old believer","the atlas moth",6.7,0,6,2014,914,74
"150",19421,"relapse","metal","savage gold","tombs",8.3,0,6,2014,914,119
"151",19380,"season of mist","metal","esoteric warfare","mayhem",7.6,0,6,2014,914,23
"152",19400,"matador","metal","glass boys","fucked up",7,0,6,2014,914,231
"153",19400,"arts & crafts","metal","glass boys","fucked up",7,0,6,2014,914,70
"154",19398,"odd future","metal","no peace","trash talk",7.7,0,5,2014,914,16
"155",19349,"drag city","metal","shade themes from kairos","oren ambarchi, stephen omalley, randall dunn",7.4,0,5,2014,914,301
"156",19298,"thrill jockey","metal","volume x","trans am",5,0,5,2014,914,320
"157",19269,"profound lore","metal","the serpent & the sphere","agalloch",8.3,0,5,2014,914,74
"158",19233,"temporary residence","metal","easy pain","young widows",7.9,0,5,2014,914,121
"159",19194,"profound lore","metal","postsocial","wold",8,0,5,2014,914,74
"160",19260,"comedy minus one","metal","libertine","silkworm",7,0,5,2014,914,4
"161",19238,"thrill jockey","metal","flemish altruism","a minor forest",7.9,0,4,2014,914,320
"162",19151,"vice","metal","wasted years","off!",6.2,0,4,2014,914,61
"163",19180,"rvng intl.","metal","i shall die here","the body",7.8,0,4,2014,914,46
"164",19076,"metal blade","metal","ii: void worship","pilgrim",7.4,0,3,2014,914,23
"165",19136,"three lobed","metal","piedmont apocrypha","horseback",7.4,0,3,2014,914,27
"166",19070,"profound lore","metal","the drain","psalm zero",7.7,0,3,2014,914,74
"167",18962,"gilead media","metal","heathen","thou",8.4,0,3,2014,914,3
"168",18962,"vendetta","metal","heathen","thou",8.4,0,3,2014,914,1
"169",18962,"howling mine","metal","heathen","thou",8.4,0,3,2014,914,1
"170",18859,"season of mist","metal","kindly bent to free us","cynic",4,0,3,2014,914,23
"171",19013,"forcefield","metal","songs of descent","yautja",6.9,0,2,2014,914,3
"172",18997,"prosthetic","metal","days of the fallen sun","junius",6.8,0,2,2014,914,16
"173",18861,"southern lord","metal","terrestrials","sunn o))), ulver",6.9,0,2,2014,914,80
"174",18966,"svart","metal","20th adversary of emptiness","demilich",8,0,1,2014,914,4
"175",18827,"relapse","metal","from all purity","indian",8.2,0,1,2014,914,119
"176",18901,"prophecy","metal","shelter","alcest",6.6,0,1,2014,914,12
"177",18809,"gold metal","metal","battlefields forever","big business",8,0,1,2014,914,4
"178",18765,"20 buck spin","metal","patricidal lust","vastum",7.9,0,12,2013,914,12
"179",18620,"season of mist","metal","obscure verses for the multiverse","inquisition",8.1,0,12,2013,914,23
"180",18800,"warner bros.","metal","live at brixton","mastodon",7.6,0,12,2013,914,197
"181",18763,"sst","metal","what the...","black flag",4.9,0,12,2013,914,4
"182",18675,"sargent house","metal","memorial","russian circles",7.8,0,11,2013,914,31
"183",18613,"seventh rule","metal","horrible chamber","gnaw",7.4,0,10,2013,914,3
"184",18629,"deathwish","metal","grand blood","doomriders",5.8,0,10,2013,914,15
"185",18396,"relapse","metal","whales and leeches","red fang",5,0,10,2013,914,119
"186",18558,"tee pee","metal","from the ages","earthless",7.2,0,10,2013,914,33
"187",18643,"udr","metal","aftershock","motrhead",7.6,0,10,2013,914,1
"188",18662,"southern lord","metal","forever becoming","pelican",7.2,0,10,2013,914,80
"189",18630,"thrill jockey","metal","christs, redeemers","the body",7,0,10,2013,914,320
"190",18518,"metal blade","metal","sister","in solitude",7.1,0,10,2013,914,23
"191",18592,"dais records","metal","youth code","youth code",7.2,0,9,2013,914,12
"192",18534,"avalanche","metal","everyday i get closer to the light from which i came","jesu",6.8,0,9,2013,914,4
"193",18525,"epitonic","metal","the ghost list","girls against boys",7,0,9,2013,914,3
"194",18459,"relapse","metal","vermis","ulcerate",7.7,0,9,2013,914,119
"195",18418,"relapse","metal","soma","windhand",7,0,9,2013,914,119
"196",18504,"century media","metal","sky swallower","vattnet viskar",8,0,9,2013,914,26
"197",18446,"relapse","metal","necrocracy","exhumed",7.5,0,8,2013,914,119
"198",18305,"century media","metal","the wild hunt","watain",6.7,0,8,2013,914,26
"199",18353,"self-released","metal","80 blocks from tiffany's pt. ii","pete rock, camp lo",6.8,0,8,2013,914,475
"200",18224,"20 buck spin","metal","tempest","lycus",7.9,0,8,2013,914,12
"201",18263,"thrill jockey","metal","you've always meant so much to me","wrekmeister harmonies",7.9,0,8,2013,914,320
"202",18189,"profound lore","metal","shadows","morne",6,0,8,2013,914,74
"203",18339,"relapse","metal","live at maida vale","baroness",7,0,7,2013,914,119
"204",18255,"relapse","metal","return to annihilation","locrian",8,0,7,2013,914,119
"205",18222,"metal blade","metal","deceiver of the gods","amon amarth",5.6,0,7,2013,914,23
"206",18233,"a389","metal","agony defined","noisem",7.6,0,6,2013,914,2
"207",18211,"entertainment one","metal","spitting fire live vol. 1 & 2","high on fire",5.9,0,6,2013,914,8
"208",18060,"deathwish","metal","sunbather","deafheaven",8.9,1,6,2013,914,15
"209",18165,"vertigo","metal","13","black sabbath",7,0,6,2013,914,5
"210",18165,"republic","metal","13","black sabbath",7,0,6,2013,914,28
"211",18086,"virgin","metal","the devil put dinosaurs here","alice in chains",5.9,0,6,2013,914,149
"212",18086,"capitol","metal","the devil put dinosaurs here","alice in chains",5.9,0,6,2013,914,150
"213",18087,"matador","metal","like clockwork","queens of the stone age",7.3,0,6,2013,914,231
"214",18099,"prosthetic","metal","one one one","shining",7.5,0,6,2013,914,16
"215",18057,"season of mist","metal","ultraviolet","kylesa",7,0,5,2013,914,23
"216",18002,"nuclear blast","metal","kingdom of conspiracy","immolation",8,0,5,2013,914,19
"217",17854,"profound lore","metal","teethed glory and injury","altar of plagues",6.8,0,5,2013,914,74
"218",17970,"at a loss","metal","master, we perish","the body",8.1,0,5,2013,914,3
"219",17947,"ipecac","metal","everybody loves sausages","melvins",6.5,0,5,2013,914,96
"220",17973,"twenty-first chapter","metal","acrobatic tenement","at the drive-in",6.5,0,4,2013,914,2
"221",17678,"candlelight","metal","withdrawal","woe",8,0,4,2013,914,16
"222",17911,"thrill jockey","metal","v","barn owl",6.8,0,4,2013,914,320
"223",17806,"profound lore","metal","vhl","vhl",7.7,0,4,2013,914,74
"224",17894,"relapse","metal","reflection of the negative","cough, windhand",7.9,0,4,2013,914,119
"225",17784,"southern lord","metal","abandon all life","nails",8,0,4,2013,914,80
"226",17815,"roadrunner","metal","meir","kvelertak",7.2,0,3,2013,914,20
"227",17608,"season of mist","metal","entrench","ken mode",8.2,0,3,2013,914,23
"228",17607,"relapse","metal","sky burial","inter arma",8.2,0,3,2013,914,119
"229",17633,"sacrament music","metal","known flood","sannhet",7.4,0,3,2013,914,1
"230",17605,"debemur morti","metal","the plague of a coming age","october falls",6.2,0,3,2013,914,11
"231",17675,"columbia","metal","welcome oblivion","how to destroy angels_",6.2,0,3,2013,914,242
"232",17742,"world terror committee","metal","askel lhempn saatanaa","horna",6.5,0,3,2013,914,1
"233",17642,"peaceville","metal","the underground resistance","darkthrone",7.4,0,2,2013,914,4
"234",17602,"ipecac","metal","oddfellows","tomahawk",6.8,0,2,2013,914,96
"235",17437,"blackball","metal","bivouac","jawbreaker",8.8,1,1,2013,914,10
"236",17450,"profound lore","metal","longing","bell witch",8,0,12,2012,914,74
"237",17325,"season of mist","metal","from the vaults, vol. 1","kylesa",7.3,0,11,2012,914,23
"238",17317,"broken spine","metal","dagdrm","nadja",7.8,0,11,2012,914,3
"239",17328,"dischord","metal","the odds","the evens",8,0,11,2012,914,60
"240",17297,"columbia","metal","an omen ep","how to destroy angels_",6.5,0,11,2012,914,242
"241",17279,"ipecac","metal","temporal","isis",6.7,0,11,2012,914,96
"242",17290,"krian","metal","information age","dead prez",3.4,0,11,2012,914,2
"243",17206,"neurot","metal","honor found in decay","neurosis",7.9,0,10,2012,914,25
"244",17337,"profound lore","metal","beyul","yakuza",7,0,10,2012,914,74
"245",17255,"relapse","metal","book burner","pig destroyer",8,0,10,2012,914,119
"246",17132,"epitaph","metal","all we love we leave behind","converge",8.6,1,10,2012,914,52
"247",17135,"odd future","metal","119","trash talk",7.4,0,10,2012,914,16
"248",17081,"debemur morti","metal","777: cosmosophy","blut aus nord",8.5,0,9,2012,914,11
"249",17191,"ajna offensive","metal","occult rock","aluk todolo",7.7,0,9,2012,914,2
"250",17147,"nuclear blast","metal","riitiir","enslaved",6.4,0,9,2012,914,19
"251",17100,"self-released","metal","years past matter","krallice",8.2,0,8,2012,914,475
"252",16908,"merge","metal","researching the blues","redd kross",7.1,0,8,2012,914,275
"253",17005,"southern lord","metal","hasta la muerte","xibalba",7,0,8,2012,914,80
"254",16937,"wind-up","metal","hot cakes","the darkness",5.2,0,8,2012,914,2
"255",16935,"anti-","metal","molecular genetics from the gold standard labs","the locust",5.8,0,8,2012,914,115
"256",16875,"temporary residence","metal","maps ep","three mile pilot",5,0,8,2012,914,121
"257",16773,"century media","metal","silencing machine","nachtmystium",8,0,8,2012,914,26
"258",16868,"drag city","metal","advaitic songs","om",5.2,0,7,2012,914,301
"259",16771,"relapse","metal","yellow & green","baroness",8.5,1,7,2012,914,119
"260",16928,"dmmerung arts","metal","faustian echoes ep","agalloch",6.5,0,7,2012,914,2
"261",16769,"season of mist","metal","drought ep","deathspell omega",6.7,0,7,2012,914,23
"262",16769,"norma evangelium diaboli","metal","drought ep","deathspell omega",6.7,0,7,2012,914,2
"263",16752,"roadrunner","metal","l'enfant sauvage","gojira",8.1,0,6,2012,914,20
"264",16685,"ipecac","metal","freak puke","melvins",6.7,0,6,2012,914,96
"265",16640,"byelobog","metal","umskiptar","burzum",3.3,0,6,2012,914,1
"266",16642,"prosthetic","metal","empyrean","mutilation rites",7.7,0,5,2012,914,16
"267",16622,"editions mego","metal","v","ktl",8.1,0,5,2012,914,51
"268",16603,"vice","metal","off!","off!",7.1,0,5,2012,914,61
"269",16583,"relapse","metal","half blood","horseback",7.6,0,5,2012,914,119
"270",16531,"translation loss","metal","true predation","struck by lightning",7,0,4,2012,914,6
"271",16533,"volcom","metal","harmonicraft","torche",6.5,0,4,2012,914,6
"272",16524,"the end","metal","blackwater park [legacy edition]","opeth",9,1,4,2012,914,24
"273",16489,"burning world","metal","monnos","conan",8,0,4,2012,914,2
"274",16489,"gravedancer","metal","monnos","conan",8,0,4,2012,914,2
"275",16494,"hydra head","metal","split cranium","split cranium",7.7,0,4,2012,914,97
"276",16478,"e1","metal","de vermis mysteriis","high on fire",8.2,0,4,2012,914,12
"277",16470,"broken limbs","metal","vattnet viskar","vattnet viskar",7.9,0,4,2012,914,2
"278",16442,"columbia legacy","metal","lowflows: the columbia anthology ('91-'93)","firehose",7.9,0,4,2012,914,10
"279",16448,"profound lore","metal","come the thaw","worm ouroboros",7.4,0,3,2012,914,74
"280",16441,"prophecy","metal","ariettes oublies...","les discrets",6.5,0,3,2012,914,12
"281",16392,"season of mist","metal","eternal turn of the wheel","drudkh",8.2,0,3,2012,914,23
"282",16388,"prosthetic","metal","the shadow gallery","primitive weapons",7.9,0,3,2012,914,16
"283",16361,"nuclear war now!","metal","scum.collapse.eradication","revenge",8,0,3,2012,914,2
"284",16350,"relapse","metal","possession","christian mistress",7.6,0,3,2012,914,119
"285",16345,"profound lore","metal","sorrow and extinction","pallbearer",8.4,1,3,2012,914,74
"286",16328,"candlelight","metal","corrosion of conformity","corrosion of conformity",7.6,0,2,2012,914,16
"287",16319,"metal blade","metal","blood for the master","goatwhore",4.8,0,2,2012,914,23
"288",16305,"metal blade","metal","misery wizard","pilgrim",7.2,0,2,2012,914,23
"289",16305,"poison tongue","metal","misery wizard","pilgrim",7.2,0,2,2012,914,1
"290",16291,"saddle creek","metal","i am gemini","cursive",4.7,0,2,2012,914,98
"291",16299,"relapse","metal","better to die on your feet than live on your knees","liberteer",7.8,0,2,2012,914,119
"292",16289,"prophecy","metal","les voyages de l'me","alcest",6.9,0,2,2012,914,12
"293",16283,"southern lord","metal","angels of darkness, demons of light ii","earth",7.9,0,2,2012,914,80
"294",16267,"matador","metal","year of the tiger","fucked up",7.5,0,2,2012,914,231
"295",16210,"hydra head","metal","a throne without a king","pyramids, horseback",7,0,1,2012,914,97
"296",16198,"epic","metal","resolution","lamb of god",3.9,0,1,2012,914,74
"297",16147,"profound lore","metal","freermasonry","wold",8.3,0,1,2012,914,74
"298",16188,"southern lord","metal","iron balls of steel","loincloth",7.9,0,1,2012,914,80
"299",16130,"southern lord","metal"," void","sunn o)))",7.5,0,1,2012,914,80
"300",16085,"iamsound","metal","i'm still in the night ep","salem",6.4,0,11,2011,914,24
"301",16068,"sargent house","metal","new album","boris",6.5,0,11,2011,914,31
"302",16055,"debemur morti","metal","777: the desanctification","blut aus nord",8.2,0,11,2011,914,11
"303",16034,"season of mist","metal","carbon-based anatomy ep","cynic",7.6,0,11,2011,914,23
"304",16035,"profound lore","metal","true traitor, true whore","leviathan",6,0,11,2011,914,74
"305",16009,"sargent house","metal","empros","russian circles",7.7,0,11,2011,914,31
"306",16015,"misfits","metal","the devil's rain","misfits",3.9,0,11,2011,914,2
"307",15997,"fan death","metal","the clearing","locrian",7.4,0,11,2011,914,8
"308",15996,"warner bros.","metal","lulu","lou reed, metallica",1,0,11,2011,914,197
"309",15990,"metal blade","metal","17th street","hammers of misfortune",8,0,10,2011,914,23
"310",15969,"dischord","metal","sessions 198183","void",7.3,0,10,2011,914,60
"311",15978,"roadrunner","metal","unto the locust","machine head",7.7,0,10,2011,914,20
"312",15936,"profound lore","metal","an ache for the distance","the atlas moth",8.1,0,10,2011,914,74
"313",15911,"true panther","metal","awake ep","trash talk",8.2,1,10,2011,914,40
"314",15929,"the end","metal","beyond the lightless sky","hull",6.9,0,10,2011,914,24
"315",15916,"candlelight","metal","abzu","absu",7.4,0,10,2011,914,16
"316",15880,"reprise","metal","the hunter","mastodon",7.5,0,9,2011,914,47
"317",15868,"williams street","metal","cerebral ballzy","cerebral ballzy",4.8,0,9,2011,914,5
"318",15865,"relapse","metal","rest","rwake",7.8,0,9,2011,914,119
"319",15866,"roadrunner","metal","heritage","opeth",6.9,0,9,2011,914,20
"320",15835,"southern lord","metal","celestial lineage","wolves in the throne room",8.6,1,9,2011,914,80
"321",15724,"profound lore","metal","atma","yob",8.3,0,9,2011,914,74
"322",15740,"gold metal","metal","quadruple single ep","big business",7,0,8,2011,914,4
"323",15697,"polyvinyl","metal","closer to closed","braid",2.8,0,8,2011,914,135
"324",15656,"capitol","metal","peace sells... but who's buying? [25th anniversary edition]","megadeth",8.7,1,7,2011,914,150
"325",15610,"digital hardcore","metal","is this hyperreal?","atari teenage riot",5.1,0,7,2011,914,7
"326",15610,"dim mak","metal","is this hyperreal?","atari teenage riot",5.1,0,7,2011,914,41
"327",15513,"matador","metal","david comes to life","fucked up",8.6,1,6,2011,914,231
"328",15467,"prophecy","metal","le secret ep","alcest",6,0,5,2011,914,12
"329",15460,"sargent house","metal","attention please","boris",7.1,0,5,2011,914,31
"330",15427,"thrill jockey","metal","aesthethica","liturgy",8.3,0,5,2011,914,320
"331",15419,"profound lore","metal","diotima","krallice",7.6,0,5,2011,914,74
"332",15375,"caldo verde","metal","ascension","jesu",7,0,5,2011,914,32
"333",15390,"temporary residence","metal","deep politics","grails",7.9,0,5,2011,914,121
"334",15342,"temporary residence","metal","in and out of youth and lightness","young widows",5.7,0,4,2011,914,121
"335",15268,"counter records","metal","michel poiccard","the death set",6.1,0,4,2011,914,8
"336",15257,"sub pop","metal","moody, standard and poor","obits",6.8,0,3,2011,914,337
"337",14964,"rekords","metal","queens of the stone age [reissue]","queens of the stone age",8,0,3,2011,914,2
"338",15072,"southern lord","metal","angels of darkness, demons of light 1","earth",7.9,0,2,2011,914,80
"339",15061,"temporary residence","metal","little joy","my disco",7.1,0,2,2011,914,121
"340",15010,"quality hill","metal","there are rules","the get up kids",5.4,0,1,2011,914,2
"341",14919,"vice","metal","first four eps","off!",8.5,1,12,2010,914,61
"342",14920,"profound lore","metal","marrow of the spirit","agalloch",8.5,0,12,2010,914,74
"343",14882,"hydra head","metal","heart ache & dethroned","jesu",7.6,0,11,2010,914,97
"344",14804,"southern lord","metal","a bureaucratic desire for extra-capsular extraction ","earth",8,0,11,2010,914,80
"345",14805,"season of mist","metal","spiral shadow","kylesa",8.4,0,11,2010,914,23
"346",14778,"temporary residence","metal","the inevitable past is the future forgotten","three mile pilot",7.2,0,10,2010,914,121
"347",14741,"season of mist","metal","lawless darkness","watain",6.2,0,10,2010,914,23
"348",14743,"beta-lactam ring","metal","under the jaguar sun","nadja",6.8,0,10,2010,914,5
"349",14718,"iamsound","metal","king night","salem",7.5,0,10,2010,914,24
"350",14713,"southern lord","metal","bxi ep","boris, ian astbury",3.3,0,10,2010,914,80
"351",14708,"social registry","metal","best bless ep","highlife",8,0,10,2010,914,48
"352",14549,"kemado","metal","warp riders","the sword",5.2,0,10,2010,914,38
"353",14683,"r&s","metal","safehouses ep","pariah",8.2,0,9,2010,914,23
"354",14661,"roadrunner","metal","in live concert at the royal albert hall","opeth",6.3,0,9,2010,914,20
"355",14612,"hydra head","metal","songs for singles","torche",7.4,0,9,2010,914,97
"356",14638,"tee pee","metal","lights from paradise","quest for fire",7.3,0,9,2010,914,33
"357",14613,"neurot","metal","live at roadburn 2007","neurosis",6.5,0,9,2010,914,25
"358",14562,"hydra head","metal","melvins/isis","isis, melvins",6,0,8,2010,914,97
"359",14512,"at a loss","metal","all the waters of the earth turn to blood","the body",8.5,0,8,2010,914,3
"360",14515,"interscope","metal","rated r [deluxe edition]","queens of the stone age",8.6,1,8,2010,914,174
"361",14469,"bella union","metal","made the harbor","mountain man",7.7,0,7,2010,914,57
"362",14469,"partisan","metal","made the harbor","mountain man",7.7,0,7,2010,914,30
"363",14448,"profound lore","metal","of seismic consequence","yakuza",7.7,0,7,2010,914,74
"364",14438,"hydra head","metal","chapter ahead being fake ep","boris, torche",6,0,7,2010,914,97
"365",14435,"relapse","metal","taste the sin","black tusk",7.6,0,7,2010,914,119
"366",14396,"century media","metal","addicts: black meddle, part ii","nachtmystium",8.2,0,7,2010,914,26
"367",14388,"hassle","metal","cosmology","rolo tomassi",6.1,0,6,2010,914,3
"368",14340,"null corporation","metal","how to destroy angels","how to destroy angels_",7,0,6,2010,914,6
"369",14313,"ipecac","metal","the bride screamed murder","melvins",5.2,0,6,2010,914,96
"370",14247,"xemu","metal","three kings","dead meadow",6.7,0,5,2010,914,2
"371",14268,"facemob","metal","dopeman music","scarface",7.7,0,5,2010,914,3
"372",14102,"trash talk collective","metal","eyes & nines","trash talk",7.8,0,5,2010,914,1
"373",14240,"hydra head","metal","a small turn of human kindness","harvey milk",7.8,0,5,2010,914,97
"374",14215,"the end","metal","blackjazz","shining",7.7,0,5,2010,914,24
"375",14215,"indie","metal","blackjazz","shining",7.7,0,5,2010,914,5
"376",14216,"lovepump united","metal","cut and run","child abuse",6.7,0,5,2010,914,13
"377",14138,"dangerbird","metal","omni","minus the bear",3.5,0,5,2010,914,28
"378",14201,"season of mist","metal","option paralysis","the dillinger escape plan",7.2,0,5,2010,914,23
"379",14197,"sargent house","metal","the fear is excruciating, but therein lies the answer","red sparowes",5.2,0,5,2010,914,31
"380",14164,"prophecy","metal","cailles de lune","alcest",8.4,0,4,2010,914,12
"381",14159,"dischord","metal","completely removed","medications",7.8,0,4,2010,914,60
"382",14116,"thrill jockey","metal","thing","trans am",6.7,0,4,2010,914,320
"383",14129,"tee pee","metal","prior to the fire","priestess",5.9,0,4,2010,914,33
"384",14079,"blackball","metal","unfun","jawbreaker",7.7,0,4,2010,914,10
"385",14105,"vice","metal","pumps!","growing",6.1,0,4,2010,914,61
"386",14047,"sargent house","metal","wrestling moves","native",3.7,0,3,2010,914,31
"387",14020,"mylene sheath","metal","the martyrdom of a catastrophist","junius",7.5,0,3,2010,914,2
"388",13999,"neurot","metal","strange keys to untune gods' firmament","skullflower",8.2,0,3,2010,914,25
"389",13966,"e1","metal","snakes for the divine","high on fire",8,0,3,2010,914,12
"390",13940,"suicide squeeze","metal","tapestry of webs","past lives",7.5,0,2,2010,914,54
"391",13941,"hydra head","metal","planets of old","cave in",6,0,2,2010,914,97
"392",13915,"20 buck spin","metal","renihilation","liturgy",7.8,0,2,2010,914,12
"393",13860,"matador","metal","couple tracks","fucked up",6.8,0,2,2010,914,231
"394",13729,"kemado","metal","accelerated living","saviours",6.6,0,2,2010,914,38
"395",13788,"thrill jockey","metal","what day is it tonight?","trans am",7.2,0,1,2010,914,320
"396",13840,"profound lore","metal","dimensional bleedthrough","krallice",8,0,1,2010,914,74
"397",13671,"nuclear blast","metal","all shall fall","immortal",7.1,0,1,2010,914,19
"398",13575,"deathwish","metal","darkness come alive","doomriders",7.5,0,12,2009,914,15
"399",13669,"hydra head","metal","pyramids with nadja","pyramids with nadja",7.2,0,12,2009,914,97
"400",13670,"southern lord","metal","what we all come to need","pelican",5.5,0,11,2009,914,80
"401",13722,"western vinyl","metal","idol omen","glass ghost",7.7,0,11,2009,914,52
"402",13679,"anchor brain","metal","a good year for hardness","six finger satellite",4.5,0,11,2009,914,3
"403",13673,"sony","metal","world painted blood","slayer",7.3,0,11,2009,914,72
"404",13673,"american","metal","world painted blood","slayer",7.3,0,11,2009,914,14
"405",13603,"relapse","metal","blue record","baroness",8.5,0,11,2009,914,119
"406",13588,"kill rock stars","metal","entropy","panther",7.1,0,11,2009,914,129
"407",13600,"caldo verde","metal","opiate sun","jesu",7,0,10,2009,914,32
"408",13625,"epitaph","metal","axe to fall","converge",8.5,0,10,2009,914,52
"409",13607,"suicide squeeze","metal","geneva","russian circles",7.8,0,10,2009,914,54
"410",13578,"duckdown","metal","survival skills","buckshot, krs-one",3.9,0,10,2009,914,17
"411",13545,"ipecac","metal","chicken switch","melvins",7.8,0,10,2009,914,96
"412",13473,"team love","metal","live from home","shudder to think",7.7,0,9,2009,914,36
"413",13465,"drag city","metal","god is good","om",6,0,9,2009,914,301
"414",13198,"tee pee","metal","quest for fire","quest for fire",6.9,0,8,2009,914,33
"415",13381,"","metal","infidel","at war",7,0,8,2009,914,NA
"416",13359,"relapse","metal","psychic maps","dysrhythmia",7,0,8,2009,914,119
"417",13331,"nuclear blast","metal","blood oath","suffocation",7.7,0,7,2009,914,19
"418",13327,"profound lore","metal","the great cessation","yob",7,0,7,2009,914,74
"419",13256,"hydra head","metal","till makabert vsen","bergraven",7.5,0,7,2009,914,97
"420",13260,"invasion","metal","pulse of the people","dead prez",6.6,0,7,2009,914,2
"421",13260,"boss up","metal","pulse of the people","dead prez",6.6,0,7,2009,914,2
"422",13239,"warner bros.","metal","street sweeper social club","street sweeper social club",3.9,0,7,2009,914,197
"423",13061,"kill rock stars","metal","someday this could all be yours","the paper chase",6.8,0,6,2009,914,129
"424",13085,"hydra head","metal","all reflections drained","xasthur",6,0,6,2009,914,97
"425",13044,"candlelight","metal","absu","absu",8.2,0,6,2009,914,16
"426",12941,"secretly canadian","metal","vicious circle","zero boys",7.8,0,6,2009,914,149
"427",13055,"hydra head","metal","mind the drift","big business",7.1,0,6,2009,914,97
"428",13195,"southern lord","metal","monoliths & dimensions","sunn o)))",8.5,1,5,2009,914,80
"429",13063,"profound lore","metal","amesoeurs","amesoeurs",7,0,5,2009,914,74
"430",13030,"southern lord","metal","malevolent grain","wolves in the throne room",2.8,0,5,2009,914,80
"431",13009,"ipecac","metal","wavering radiant","isis",8.5,1,5,2009,914,96
"432",13026,"the end","metal","when i see the sun always shines on tv","nadja",8,0,5,2009,914,24
"433",12958,"tee pee","metal","wyllt","black math horseman",7,0,4,2009,914,33
"434",12933,"relapse","metal","agorapocalypse","agoraphobic nosebleed",5,0,4,2009,914,119
"435",12872,"reprise","metal","crack the skye","mastodon",8,0,4,2009,914,47
"436",12834,"relapse","metal","winter hours","tombs",7.1,0,3,2009,914,119
"437",12807,"prosthetic","metal","static tensions","kylesa",8.2,0,3,2009,914,16
"438",12804,"acute","metal","flood bank","the lines",7.2,0,3,2009,914,15
"439",12829,"sub pop","metal","i blame you","obits",6.3,0,3,2009,914,337
"440",12818,"saddle creek","metal","mama, i'm swollen","cursive",5.2,0,3,2009,914,98
"441",12668,"homestead","metal","the bright orange years","volcano suns",8.2,0,2,2009,914,8
"442",12665,"dischord","metal","anthology 1997-98","faraquet",6.3,0,2,2009,914,60
"443",12658,"robcore","metal","come with me if you want to live","goblin cock",6.1,0,2,2009,914,2
"444",12650,"merok","metal","water ep","salem",6.1,0,2,2009,914,16
"445",12632,"fat wreck chords","metal","civil war","dillinger four",6.4,0,2,2009,914,10
"446",12560,"relapse","metal","traitors","misery index",7.5,0,1,2009,914,119
"447",12537,"rap-a-lot","metal","emeritus","scarface",8,0,1,2009,914,14
"448",12527,"relapse","metal","punkgasm","don caballero",4.8,0,1,2009,914,119
"449",12485,"tigre blanco","metal","acoustics ep","minus the bear",5.2,0,12,2008,914,2
"450",12452,"listenable","metal","the way of all flesh","gojira",6,0,11,2008,914,4
"451",12434,"southern lord","metal","dmkirke","sunn o)))",7.3,0,11,2008,914,80
"452",12393,"metal blade","metal","twilight of the thunder god","amon amarth",7.7,0,11,2008,914,23
"453",12392,"relapse","metal","disgorge mexico","fuck the facts",8,0,11,2008,914,119
"454",12355,"temporary residence","metal","doomsdayer's holiday","grails",7.6,0,10,2008,914,121
"455",12356,"hydra head","metal","hirror enniffer ","mamiffer",7.5,0,10,2008,914,97
"456",12352,"threshold","metal","dr. dooom 2","dr. dooom",3.7,0,10,2008,914,2
"457",12320,"matador","metal","the chemistry of common life","fucked up",8.8,1,10,2008,914,231
"458",12250,"profound lore","metal","krallice","krallice",7.8,0,10,2008,914,74
"459",12303,"flingco sound","metal","oneiromantical war","wrnlrd",7.3,0,10,2008,914,1
"460",12252,"tee pee","metal","neptune with fire","ancestors",7.7,0,10,2008,914,33
"461",12258,"century media","metal","prehistoricisms","intronaut",7,0,10,2008,914,26
"462",12234,"social registry","metal","all the way","growing",7.7,0,9,2008,914,48
"463",12224,"volcom","metal","milagrosa","totimoshi",7.5,0,9,2008,914,6
"464",12173,"temporary residence","metal","old wounds","young widows",6.6,0,9,2008,914,121
"465",12180,"warner bros.","metal","death magnetic","metallica",4.9,0,9,2008,914,197
"466",12157,"the end","metal","the ruiner","made out of babies",7.5,0,9,2008,914,24
"467",12156,"steamhammer","metal","motrizer","motrhead",7.2,0,9,2008,914,1
"468",12137,"southern lord","metal","crippled lucifer (ten psalms for our lord of light)","burning witch",8.3,0,9,2008,914,80
"469",12120,"hydra head","metal","why are we not perfect? ep","jesu",5.6,0,8,2008,914,97
"470",12079,"virgin","metal","blue lambency downward","kayo dot",3.3,0,8,2008,914,149
"471",12074,"acute","metal","memory span","the lines",6.7,0,8,2008,914,15
"472",12020,"hydra head","metal","meanderthal","torche",8.2,0,7,2008,914,97
"473",12005,"hydra head","metal","life...the best game in town","harvey milk",8.6,1,7,2008,914,97
"474",11986,"ipecac","metal","nude with boots","melvins",7,0,7,2008,914,96
"475",11584,"century media","metal","assassins: black meddle, pt. 1","nachtmystium",8.9,0,7,2008,914,26
"476",11584,"candlelight","metal","assassins: black meddle, pt. 1","nachtmystium",8.9,0,7,2008,914,16
"477",11605,"important","metal","take refuge in clean living","grails",7.8,0,6,2008,914,57
"478",11589,"ipecac","metal","a perfect place ost","mike patton",5.9,0,6,2008,914,96
"479",11688,"neurot","metal","the wake","scott kelly",6.5,0,6,2008,914,25
"480",11547,"ninja tune","metal","worldwide","the death set",6.8,0,6,2008,914,132
"481",11547,"counter records","metal","worldwide","the death set",6.8,0,6,2008,914,8
"482",11575,"roadrunner","metal","watershed","opeth",7.5,0,6,2008,914,20
"483",11682,"moribund","metal","massive conspiracy against all life","leviathan",8,0,6,2008,914,3
"484",11506,"kemado","metal","gods of the earth","the sword",5.3,0,5,2008,914,38
"485",11497,"duckdown","metal","the formula","buckshot",5.7,0,5,2008,914,17
"486",11496,"tee pee","metal","paralyzed","witch",4.9,0,5,2008,914,33
"487",11464,"diwphalanx","metal","smile","boris",6.4,0,5,2008,914,4
"488",11404,"relapse","metal","l'autrichienne","jucifer",8,0,4,2008,914,119
"489",11432,"suicide squeeze","metal","station","russian circles",6.9,0,4,2008,914,54
"490",11668,"nothingness","metal","skin turns to glass","nadja",7,0,4,2008,914,3
"491",11357,"koch","metal","a sense of purpose","in flames",7,0,4,2008,914,26
"492",11357,"nuclear blast","metal","a sense of purpose","in flames",7,0,4,2008,914,19
"493",11329,"13th planet","metal","cover up","ministry",7.5,0,4,2008,914,6
"494",11307,"temporary residence","metal","hawk medicine","lazarus",7.4,0,3,2008,914,121
"495",11238,"kemado","metal","unonou","danava",7.3,0,3,2008,914,38
"496",11251,"translation loss","metal","hungry for nothing","fight amp",7.8,0,3,2008,914,6
"497",11253,"hydra head","metal","annwn","ocrilim",6.7,0,3,2008,914,97
"498",11270,"drag city","metal","overture: live in nippon yusen soko 2006","ghost",7.6,0,3,2008,914,301
"499",11264,"megaforce","metal","the last sucker","ministry",6.9,0,3,2008,914,12
"500",11264,"13th planet","metal","the last sucker","ministry",6.9,0,3,2008,914,6
"501",11197,"kill rock stars","metal","14 kt god","panther",7.2,0,3,2008,914,129
"502",11250,"swami","metal","r.i.p.","rocket from the crypt",7.6,0,3,2008,914,18
"503",11213,"relapse","metal","board up the house","genghis tron",7,0,3,2008,914,119
"504",11199,"century media","metal","war without end","warbringer",7.5,0,3,2008,914,26
"505",11207,"dischord","metal","nothing is underrated","joe lally",6.2,0,3,2008,914,60
"506",11218,"southern lord","metal","the bees made honey in the lion's skull","earth",7.7,0,2,2008,914,80
"507",11156,"relapse","metal","ire works","the dillinger escape plan",8,0,2,2008,914,119
"508",11155,"relapse","metal","live the storm","disfear",8.3,0,2,2008,914,119
"509",11119,"kemado","metal","into abaddon","saviours",7.6,0,2,2008,914,38
"510",11652,"hydra head","metal","defective epitaph","xasthur",6.9,0,2,2008,914,97
"511",11126,"matador","metal","old growth","dead meadow",6.5,0,2,2008,914,231
"512",11092,"prosthetic","metal","transmutations","yakuza",6.9,0,2,2008,914,16
"513",11082,"peaceville","metal","the roundhouse tapes","opeth",7,0,2,2008,914,4
"514",11040,"ambush reality","metal","take to the skies","enter shikari",6.7,0,1,2008,914,2
"515",11040,"tiny evil","metal","take to the skies","enter shikari",6.7,0,1,2008,914,3
"516",11038,"candlelight","metal","the alchemist","witchcraft",5.8,0,1,2008,914,16
"517",11021,"relapse","metal","death is this communion","high on fire",8.2,0,1,2008,914,119
"518",10972,"southern","metal","595","karate",7,0,1,2008,914,32
"519",10998,"no fun","metal","endless coast","jazkamer",7.6,0,1,2008,914,12
"520",10973,"rap-a-lot","metal","made","scarface",8,0,1,2008,914,14
"521",10956,"southern lord","metal","two hunters","wolves in the throne room",7.9,0,12,2007,914,80
"522",10906,"class a","metal","the hunt for the gingerbread man","mf grimm",3.5,0,12,2007,914,2
"523",11632,"alien8","metal","radiance of shadows","nadja",8.2,0,11,2007,914,55
"524",10837,"traffic entertainment","metal","black hollywood","camp lo",7.4,0,11,2007,914,6
"525",10821,"fat possum","metal","we sing of only blood or love","dax riggs",5.7,0,11,2007,914,89
"526",10693,"southern lord","metal","god luck and good speed","weedeater",7.1,0,10,2007,914,80
"527",10766,"hydra head","metal","lifeline","jesu",7.3,0,10,2007,914,97
"528",10696,"southern lord","metal","pilgrimage","om",7.4,0,9,2007,914,80
"529",10659,"invada","metal","a love of shared disasters","crippled black phoenix",5,0,9,2007,914,9
"530",10689,"ipecac","metal","love's miracle","qui",7.2,0,9,2007,914,96
"531",10646,"relapse","metal","red album","baroness",8.4,0,9,2007,914,119
"532",10633,"earache","metal","scum: 20th anniversary edition","napalm death",8.4,0,9,2007,914,3
"533",10540,"moribund","metal","katun","hacavitz",6.8,0,8,2007,914,3
"534",10539,"evilive","metal","the lost tracks of danzig","danzig",7,0,8,2007,914,2
"535",10548,"suicide squeeze","metal","planet of ice","minus the bear",7.2,0,8,2007,914,54
"536",10532,"southern lord","metal","oracle ep","sunn o)))",7.8,0,8,2007,914,80
"537",10489,"hydra head","metal","american nervoso","botch",6.6,0,8,2007,914,97
"538",10467,"hydra head","metal","ddsvisioner","bergraven",7.1,0,7,2007,914,97
"539",10425,"temporary residence","metal","burning off impurities","grails",7.7,0,7,2007,914,121
"540",10396,"touch and go","metal","promised works","the for carnation",7.4,0,7,2007,914,109
"541",10361,"ipecac","metal","anonymous","tomahawk",5.9,0,7,2007,914,96
"542",10322,"relapse","metal","phantom limb","pig destroyer",8.6,0,6,2007,914,119
"543",10329,"hydra head","metal","the narcotic story","oxbow",7.4,0,6,2007,914,97
"544",10316,"neurot","metal","given to the rising","neurosis",8.6,0,6,2007,914,25
"545",10310,"hydra head","metal","city of echoes","pelican",4.4,0,6,2007,914,97
"546",10327,"interscope","metal","era vulgaris","queens of the stone age",6.2,0,6,2007,914,174
"547",10256,"dischord","metal","reflector","antelope",5.1,0,5,2007,914,60
"548",10215,"tee pee","metal","a raining sun of light and love for you and you and you","titan",5.8,0,5,2007,914,33
"549",10217,"dischord","metal","ingleside terrace","french toast",7,0,5,2007,914,60
"550",10172,"troubleman unlimited","metal","vision swim","growing",7.4,0,5,2007,914,58
"551",10172,"megablade","metal","vision swim","growing",7.4,0,5,2007,914,9
"552",10031,"southern lord","metal","hibernaculum","earth",7.8,0,3,2007,914,80
"553",9997,"alien8","metal","touched","nadja",7.9,0,3,2007,914,55
"554",9932,"fryk beat","metal","secret lawns","panther",6.5,0,3,2007,914,2
"555",9982,"jade tree","metal","hidden world","fucked up",7.5,0,3,2007,914,47
"556",9951,"relapse","metal","voices of omens","rwake",8,0,3,2007,914,119
"557",9954,"hydra head","metal","here come the waterworks","big business",7.9,0,3,2007,914,97
"558",9950,"thrill jockey","metal","sex change","trans am",7,0,2,2007,914,320
"559",9917,"rune grammofon","metal","grindstone","shining",7.6,0,2,2007,914,44
"560",9875,"amalgam digital","metal","use your confusion","juggaknots",7.6,0,2,2007,914,4
"561",9879,"fueled by ramen","metal","lifetime","lifetime",7.9,0,2,2007,914,5
"562",9879,"decaydance","metal","lifetime","lifetime",7.9,0,2,2007,914,3
"563",9850,"hydra head","metal","conqueror","jesu",7.8,0,2,2007,914,97
"564",9853,"jade tree","metal","settle down city","young widows",7.8,0,2,2007,914,47
"565",9851,"drag city","metal","in stormy nights","ghost",8,0,2,2007,914,301
"566",11895,"hydra head","metal","unifying themes redux","botch",7.1,0,1,2007,914,97
"567",9752,"dischord","metal","there to here","joe lally",6.4,0,1,2007,914,60
"568",9787,"drag city","metal","rainbow","boris, michio kurihara",8.2,0,1,2007,914,301
"569",9787,"pedal","metal","rainbow","boris, michio kurihara",8.2,0,1,2007,914,2
"570",9719,"12xu","metal","chokes! ep","silkworm",7.9,0,1,2007,914,6
"571",9717,"roadrunner","metal","ghost reveries [special edition]","opeth",8.4,0,1,2007,914,20
"572",9666,"editions mego","metal","ktl","ktl",7.1,0,1,2007,914,51
"573",9680,"epitaph","metal","no heroes","converge",8.1,0,12,2006,914,52
"574",9677,"fat cat","metal","do easy","giddy motors",8,0,12,2006,914,109
"575",9656,"ipecac","metal","(a) senile animal","melvins",7.3,0,12,2006,914,96
"576",9686,"i and ear","metal","anoint","ocrilim",7.7,0,12,2006,914,3
"577",9662,"ipecac","metal","in the absence of truth","isis",8.3,0,11,2006,914,96
"578",9610,"kemado","metal","danava","danava",6.6,0,11,2006,914,38
"579",9585,"hollywood","metal","threes","sparta",6.1,0,11,2006,914,14
"580",9567,"dischord","metal","get evens","the evens",7.8,0,11,2006,914,60
"581",9530,"crucial blast","metal","tribulation","skullflower",7.2,0,10,2006,914,5
"582",9514,"matador","metal","better days will haunt you","chavez",9.4,0,10,2006,914,231
"583",9460,"hydra head","metal","subliminal genocide","xasthur",7.8,0,10,2006,914,97
"584",9460,"hydra head","metal","subliminal genocide","xasthur",7.8,0,10,2006,914,97
"585",9460,"hydra head","metal","subliminal genocide","xasthur",7.8,0,10,2006,914,97
"586",9460,"hydra head","metal","subliminal genocide","xasthur",7.8,0,10,2006,914,97
"587",9460,"hydra head","metal","subliminal genocide","xasthur",7.8,0,10,2006,914,97
"588",9460,"hydra head","metal","subliminal genocide","xasthur",7.8,0,10,2006,914,97
"589",9460,"hydra head","metal","subliminal genocide","xasthur",7.8,0,10,2006,914,97
"590",9460,"hydra head","metal","subliminal genocide","xasthur",7.8,0,10,2006,914,97
"591",9420,"touch and go","metal","at the speed of twisted thought","the fix",7.4,0,9,2006,914,109
"592",9414,"relapse","metal","if thine enemy hunger","jucifer",6.6,0,9,2006,914,119
"593",9426,"reprise","metal","blood mountain","mastodon",8.7,1,9,2006,914,47
"594",9413,"dischord","metal","waiting for the next end of the world","channels",6.6,0,9,2006,914,60
"595",9351,"ipecac","metal","peeping tom","peeping tom",6.2,0,9,2006,914,96
"596",9321,"abacus","metal","reaper of souls","purified in blood",5.8,0,9,2006,914,2
"597",9358,"relapse","metal","live in: nerd rage!","brian posehn",6.2,0,9,2006,914,119
"598",9359,"subterranean","metal","complete studio recordings 1982-1984","code of honor",7,0,9,2006,914,2
"599",9338,"the end","metal","ashes against the grain","agalloch",8,0,8,2006,914,24
"600",9350,"swami","metal","thunder down under","hot snakes",7.3,0,8,2006,914,18
"601",9323,"saddle creek","metal","happy hollow","cursive",6.7,0,8,2006,914,98
"602",9298,"magic bullet","metal","young mountain","this will destroy you",6.9,0,8,2006,914,6
"603",9256,"hydra head","metal","alter","knut",4.9,0,8,2006,914,97
"604",9266,"tee pee","metal","kalas","kalas",6.4,0,8,2006,914,33
"605",9264,"rca","metal","hello master","priestess",7.3,0,8,2006,914,107
"606",9223,"relapse","metal","world-class listening problem","don caballero",5.3,0,7,2006,914,119
"607",9215,"warcon","metal","monochrome","helmet",6.3,0,7,2006,914,1
"608",9180,"misanthropic agenda","metal","dronevil final","boris",8,0,7,2006,914,2
"609",11878,"hydra head","metal","pcp torpedo / anbrx","agoraphobic nosebleed",6,0,6,2006,914,97
"610",9036,"kill rock stars","metal","now you are one of us","the paper chase",7.7,0,6,2006,914,129
"611",8991,"ipecac","metal","houdini live 2005: a live history of gluttony and lust","melvins",5.7,0,6,2006,914,96
"612",8990,"troubleman unlimited","metal","color wheel","growing",6.8,0,6,2006,914,58
"613",8990,"megablade","metal","color wheel","growing",6.8,0,6,2006,914,9
"614",9095,"holy mountain","metal","conference of the birds","om",7.3,0,6,2006,914,15
"615",9097,"southern lord","metal","the ultimate destroyer","lair of the minotaur",6.1,0,6,2006,914,80
"616",9074,"vendlus","metal","diadem of 12 stars","wolves in the throne room",7.7,0,6,2006,914,2
"617",9076,"flameshovel","metal","enter","russian circles",6.4,0,6,2006,914,21
"618",9054,"fat wreck chords","metal","wolves in wolves' clothing","nofx",6.7,0,5,2006,914,10
"619",9016,"touch and go","metal","detroit: the dream is dead -- the collected works of a midwest hardcore noise band 1982","blight",5.3,0,5,2006,914,109
"620",7838,"too pure","metal","yes! tinnitus!","shooting at unarmed men",6.1,0,5,2006,914,40
"621",4353,"hydra head","metal","silver ep","jesu",7.9,0,5,2006,914,97
"622",775,"rhino","metal","greatest hits 1970-1978","black sabbath",6.2,0,5,2006,914,107
"623",775,"wea","metal","greatest hits 1970-1978","black sabbath",6.2,0,5,2006,914,18
"624",8105,"volcano","metal","10,000 days","tool",5.9,0,5,2006,914,4
"625",5311,"megaforce","metal","rio grande blood","ministry",6.4,0,4,2006,914,12
"626",4781,"jade tree","metal","somewhere in the swamps of jersey","lifetime",7.4,0,4,2006,914,47
"627",3365,"relapse","metal","nothing positive only negative","facedowninshit",7,0,4,2006,914,119
"628",6885,"gern blandsten","metal","curses","rye coalition",4,0,4,2006,914,14
"629",11647,"lookout!","metal","dixie","avail",7.8,0,4,2006,914,32
"630",5684,"celluloid","metal","killing time","massacre",8.2,0,4,2006,914,2
"631",8808,"tee pee","metal","witch","witch",7.6,0,3,2006,914,33
"632",7825,"epitaph","metal","heaven's pregnant teens","some girls",6.8,0,3,2006,914,52
"633",11771,"robotic empire","metal","dowsing anemone with copper tongue","kayo dot",7.7,0,3,2006,914,1
"634",5144,"relapse","metal","call of the mastodon","mastodon",7.3,0,2,2006,914,119
"635",4167,"ferret music","metal","come clarity","in flames",7.3,0,2,2006,914,1
"636",2936,"southern lord","metal","vampire circus","earthride",6,0,2,2006,914,80
"637",2862,"touch and go","metal","singles. period. the vinyl years 1980-1990","the ex",7.8,0,2,2006,914,109
"638",2634,"peaceville","metal","too old, too cold ep","darkthrone",6.2,0,1,2006,914,4
"639",1364,"hydra head","metal","perfect pitch black","cave in",7.3,0,1,2006,914,97
"640",494,"island","metal","anthrology: no hit wonder (1985-1991)","anthrax",7.7,0,1,2006,914,94
"641",1185,"diwphalanx","metal","pink","boris",8.7,1,1,2006,914,4
"642",5310,"sanctuary","metal","rantology","ministry",2,0,1,2006,914,51
"643",5924,"alien8","metal","truth becomes death","nadja",7.5,0,1,2006,914,55
"644",7581,"southern lord","metal","black one","sunn o)))",8.9,1,12,2005,914,80
"645",7839,"beggars","metal","soon there will be... ep","shooting at unarmed men",7.5,0,12,2005,914,27
"646",5285,"eyeball","metal","ominosity","milemarker",6.8,0,12,2005,914,5
"647",11696,"conspiracy","metal","at last: feedbacker","boris",7.7,0,12,2005,914,3
"648",3688,"troubleman unlimited","metal","his return","growing",6.1,0,12,2005,914,58
"649",3688,"megablade","metal","his return","growing",6.1,0,12,2005,914,9
"650",2525,"atlantic","metal","one way ticket to hell...and back","the darkness",6.5,0,11,2005,914,153
"651",11839,"sony","metal","mezmerize","system of a down",7.1,0,11,2005,914,72
"652",6608,"interscope","metal","over the years and through the woods","queens of the stone age",7.6,0,11,2005,914,174
"653",3670,"capibara","metal","an earwig's guide to traveling","gasp",7.4,0,11,2005,914,2
"654",3670,"avant garde farm","metal","an earwig's guide to traveling","gasp",7.4,0,11,2005,914,2
"655",2626,"cleopatra","metal","fresh fruit for rotting vegetables","dead kennedys",7,0,11,2005,914,2
"656",2626,"alternative tentacles","metal","fresh fruit for rotting vegetables","dead kennedys",7,0,11,2005,914,12
"657",2626,"manifesto","metal","fresh fruit for rotting vegetables","dead kennedys",7,0,11,2005,914,13
"658",2626,"cherry red","metal","fresh fruit for rotting vegetables","dead kennedys",7,0,11,2005,914,16
"659",2626,"irs","metal","fresh fruit for rotting vegetables","dead kennedys",7,0,11,2005,914,8
"660",3687,"absolutely kosher","metal","bagged and boarded","goblin cock",7.3,0,11,2005,914,54
"661",2928,"matador","metal","closing in","early man",7.7,0,10,2005,914,231
"662",11737,"troubleman unlimited","metal","living in the gleam of an unsheathed sword","earth",4.9,0,10,2005,914,58
"663",4272,"record label, 2000","metal","presents: guitar duets","joan of arc",3.5,0,10,2005,914,3
"664",5921,"dim mak","metal","chandeliers in the savannah","neon blonde",7.7,0,10,2005,914,41
"665",8917,"metal blade","metal","the unreal never lived","yob",8,0,9,2005,914,23
"666",4166,"sanctuary","metal","the essential","iron maiden",7.5,0,8,2005,914,51
"667",5326,"suicide squeeze","metal","menos el oso","minus the bear",7.1,0,8,2005,914,54
"668",1172,"duckdown","metal","chemistry","buckshot",7.8,0,8,2005,914,17
"669",479,"relapse","metal","bestial machinery, vol. 1","agoraphobic nosebleed",7.1,0,8,2005,914,119
"670",1702,"saddle creek","metal","the difference between houses and homes","cursive",6.3,0,8,2005,914,98
"671",6077,"monitor","metal","oxes ep","oxes",6.9,0,8,2005,914,23
"672",7824,"three-one-g","metal","the dna will have its say ep","some girls",5.9,0,8,2005,914,9
"673",5222,"ipecac","metal","mangled demos from 1983","melvins",5.3,0,8,2005,914,96
"674",6581,"hydra head","metal","the fire in our throats will beckon the thaw","pelican",7,0,7,2005,914,97
"675",1166,"metal blade","metal","miasma","the black dahlia murder",7,0,7,2005,914,23
"676",5611,"dischord","metal","your favorite people all in one place","medications",7.6,0,7,2005,914,60
"677",1165,"troubleman unlimited","metal","villains/reversed","battletorn",4,0,6,2005,914,58
"678",6115,"holy mountain","metal","variations on a theme","om",7.8,0,6,2005,914,15
"679",11762,"hydra head","metal","oceanic remixes / reinterpretations","isis",6.2,0,6,2005,914,97
"680",6945,"neurot","metal","at the soundless dawn","red sparowes",5.9,0,6,2005,914,25
"681",1163,"equal vision","metal","terrorhawk","bear vs. shark",7.7,0,6,2005,914,6
"682",8045,"southern lord","metal","day late, dollar short","thrones",5.8,0,6,2005,914,80
"683",8293,"maverick","metal","team sleep","team sleep",6.1,0,6,2005,914,9
"684",2927,"monitor","metal","early man ep","early man",3.9,0,6,2005,914,23
"685",330,"fearless","metal","this station is non-operational","at the drive-in",8.3,0,6,2005,914,2
"686",4161,"reprise","metal","strange we should meet here","idiot pilot",3.5,0,5,2005,914,47
"687",2924,"southern lord","metal","legacy of dissolution","earth",7.8,0,5,2005,914,80
"688",2924,"no quarter","metal","legacy of dissolution","earth",7.8,0,5,2005,914,25
"689",7580,"southern lord","metal","the grimmrobe demos","sunn o)))",8,0,5,2005,914,80
"690",3933,"swami","metal","peel sessions ep","hot snakes",7,0,5,2005,914,18
"691",2780,"digital hardcore","metal","futurist","alec empire",3.7,0,4,2005,914,7
"692",3441,"drag city","metal","metamorphosis: ghost chronicles 1984-2004","ghost",8.5,0,3,2005,914,301
"693",2155,"sanctuary","metal","neat neat neat: the alternative anthology","the damned",7.5,0,3,2005,914,51
"694",7124,"quarterstick","metal","flies the fields","shipping news",6.7,0,3,2005,914,28
"695",6607,"interscope","metal","lullabies to paralyze","queens of the stone age",7.5,0,3,2005,914,174
"696",3335,"dischord","metal","in a cave","french toast",6.8,0,3,2005,914,60
"697",1381,"relapse","metal","anomalies","cephalic carnage",7,0,3,2005,914,119
"698",7805,"rune grammofon","metal","in the kingdom of kitsch you will be a monster","shining",8.3,1,3,2005,914,44
"699",2917,"dischord","metal","the evens","the evens",8,0,3,2005,914,60
"700",4388,"konkurrent","metal","in the fishtank 12 ep","karate",6.8,0,3,2005,914,11
"701",1595,"epitaph","metal","you fail me","converge",8,0,3,2005,914,52
"702",2215,"matador","metal","feathers","dead meadow",8,0,3,2005,914,231
"703",4352,"hydra head","metal","jesu","jesu",7.9,0,2,2005,914,97
"704",6563,"revelation","metal","love in the fascist brothel","the plot to blow up the eiffel tower",7.5,0,2,2005,914,7
"705",3235,"recordcollection","metal","inside of emptiness","john frusciante",6,0,2,2005,914,16
"706",3864,"relapse","metal","blessed black wings","high on fire",7.3,0,2,2005,914,119
"707",2769,"independiente","metal","out of nothing","embrace",7.3,0,1,2005,914,8
"708",11779,"ryko","metal","early trax","ministry",5,0,1,2005,914,41
"709",5143,"relapse","metal","leviathan","mastodon",8.5,0,12,2004,914,119
"710",1141,"jade tree","metal","charmer","breather resist",7.4,0,12,2004,914,47
"711",8276,"sure shot","metal","718","theodore unit",7,0,12,2004,914,4
"712",3812,"interscope","metal","size matters","helmet",5.4,0,11,2004,914,174
"713",2498,"sympathy for the record industry","metal","must die","dwarves",3.3,0,11,2004,914,7
"714",2861,"touch and go","metal","turn","the ex",8.8,0,11,2004,914,109
"715",329,"grand royal","metal","relationship of command","at the drive-in",6.1,0,11,2004,914,6
"716",4136,"ipecac","metal","panopticon","isis",8.4,0,11,2004,914,96
"717",758,"dischord","metal","cough","black eyes",6.9,0,10,2004,914,60
"718",5610,"dischord","metal","medications ep","medications",7.5,0,10,2004,914,60
"719",688,"alternative tentacles","metal","never breathe what you can't see","jello biafra, melvins",7.3,0,10,2004,914,12
"720",2315,"relapse","metal","miss machine","the dillinger escape plan",6.8,0,10,2004,914,119
"721",4387,"southern","metal","pockets","karate",8.2,0,10,2004,914,32
"722",3932,"swami","metal","audit in progress","hot snakes",7.7,0,10,2004,914,18
"723",7160,"touch and go","metal","it'll be cool","silkworm",7.1,0,9,2004,914,109
"724",7778,"def jam","metal","godfather buried alive","shyne",6.9,0,9,2004,914,119
"725",1780,"desoto","metal","open ep","channels",7.7,0,9,2004,914,23
"726",5325,"arena rock","metal","they make beer commercials like this ep","minus the bear",6.4,0,9,2004,914,29
"727",4271,"polyvinyl","metal","joan of arc, dick cheney, mark twain...","joan of arc",5.3,0,9,2004,914,135
"728",6459,"pusa","metal","love everybody","the presidents of the united states of america",6.5,0,8,2004,914,2
"729",6550,"kill rock stars","metal","god bless your black heart","the paper chase",6.4,0,8,2004,914,129
"730",2789,"lookout!","metal","engine down","engine down",7.7,0,8,2004,914,32
"731",3234,"recordcollection","metal","the will to death","john frusciante",7.4,0,8,2004,914,16
"732",1123,"babygrande","metal","fire in the hole","brand nubian",6.5,0,8,2004,914,21
"733",7405,"geffen","metal","porcelain","sparta",7.6,0,8,2004,914,68
"734",522,"epitaph","metal","the empire strikes first","bad religion",8.2,0,8,2004,914,52
"735",5903,"neurot","metal","the eye of every storm","neurosis",7,0,7,2004,914,25
"736",7579,"southern lord","metal","white2","sunn o)))",8,0,7,2004,914,80
"737",6813,"headhunter","metal","circa: now! +4","rocket from the crypt",6.8,0,7,2004,914,3
"738",6813,"cargo","metal","circa: now! +4","rocket from the crypt",6.8,0,7,2004,914,4
"739",8958,"northern liberties","metal","sixteen songs","don zientara",7,0,7,2004,914,3
"740",8383,"next plateau","metal","critical beatdown","ultramagnetic mc's",9.7,0,6,2004,914,2
"741",6958,"babygrande","metal","sharkey's machine","sharkey",2.7,0,6,2004,914,21
"742",3233,"warner bros.","metal","shadows collide with people","john frusciante",6.9,0,5,2004,914,197
"743",2547,"fat wreck chords","metal","cool to be you","descendents",7.1,0,5,2004,914,10
"744",3277,"room40","metal","steel wound","frost",7.9,0,5,2004,914,19
"745",4825,"gsl","metal","the locust ep","the locust",6,0,4,2004,914,23
"746",4215,"geffen","metal","dear you [expanded edition]","jawbreaker",2.3,0,3,2004,914,68
"747",2549,"ipecac","metal","desert sessions 9 & 10","desert sessions",7.4,0,3,2004,914,96
"748",2546,"fat wreck chords","metal","'merican ep","descendents",6.9,0,3,2004,914,10
"749",8139,"thrill jockey","metal","liberation","trans am",6,0,3,2004,914,320
"750",614,"dischord","metal","the unsustainable lifestyle","beauty pill",5.7,0,3,2004,914,60
"751",1101,"columbia","metal","bravehearted","bravehearts",2.5,0,2,2004,914,242
"752",1101,"ill will","metal","bravehearted","bravehearts",2.5,0,2,2004,914,5
"753",2539,"last visible dog","metal","wine, women and wolves","dead raven choir",7.4,0,2,2004,914,5
"754",3440,"drag city","metal","hypnotic underworld","ghost",8.7,0,1,2004,914,301
"755",2537,"sire","metal","coral fang","the distillers",8,0,1,2004,914,46
"756",2537,"warner bros.","metal","coral fang","the distillers",8,0,1,2004,914,197
"757",7724,"buddyhead","metal","the cunt chronicles","shat",0.2,0,12,2003,914,1
"758",2530,"landspeed","metal","turn off the radio mixtape vol. 2: get free or die tryin'","dead prez, sticky fingaz",4.1,0,12,2003,914,4
"759",5560,"konkurrent","metal","in the fishtank","jaga jazzist, motorpsycho",7.5,0,11,2003,914,11
"760",6742,"vagrant","metal","under the tray","reggie and the full effect",3.7,0,11,2003,914,69
"761",2524,"atlantic","metal","permission to land","the darkness",8.4,0,10,2003,914,153
"762",11691,"philips","metal","vincebus eruptum","blue cheer",9,0,10,2003,914,8
"763",5554,"dischord","metal","first demo tape","minor threat",7.5,0,10,2003,914,60
"764",5840,"level plane","metal","brothers, sisters","north of america",7.1,0,10,2003,914,11
"765",2889,"candlelight","metal","scattered ashes: a decade of emperial wrath","emperor",8.5,0,9,2003,914,16
"766",8235,"scratch","metal","triumphant","thor",5,0,9,2003,914,1
"767",4337,"babygrande","metal","visions of gandhi","jedi mind tricks",4.9,0,8,2003,914,21
"768",2521,"southern","metal","feeding frenzy","darediablo",7.2,0,8,2003,914,32
"769",7703,"lookout!","metal","the river bed","small brown bike",7.7,0,8,2003,914,32
"770",8109,"room40","metal","a picturesque view, ignored","scanner, david toop, i/03",8,0,8,2003,914,19
"771",1717,"ipecac","metal","mass destruction","curse of the golden vampire",7,0,8,2003,914,96
"772",7156,"touch and go","metal","you are dignified ep","silkworm",6.8,0,7,2003,914,109
"773",7577,"southern lord","metal","white1","sunn o)))",7.5,0,6,2003,914,80
"774",2260,"maverick","metal","deftones","deftones",4.7,0,6,2003,914,9
"775",4822,"anti-","metal","plague soundscapes","the locust",8.3,0,6,2003,914,115
"776",2214,"matador","metal","shivering king and others","dead meadow",7.8,0,6,2003,914,231
"777",4701,"temporary residence","metal","songs for an unborn sun","lazarus",7.6,0,6,2003,914,121
"778",5250,"elektra","metal","st. anger","metallica",0.8,0,6,2003,914,59
"779",2503,"relapse","metal","pretest","dysrhythmia",6.9,0,6,2003,914,119
"780",6186,"velocette","metal","please believe it","the party of helicopters",6.5,0,5,2003,914,4
"781",7706,"musea","metal","shub niggurath","shub niggurath",7.7,0,5,2003,914,1
"782",7706,"gazul","metal","shub niggurath","shub niggurath",7.7,0,5,2003,914,1
"783",4267,"perishable","metal","in rape fantasy and terror sex we trust","joan of arc",5,0,5,2003,914,13
"784",2711,"dischord","metal","fake french","el guapo",4.5,0,5,2003,914,60
"785",5778,"beggars","metal","this is the glamorous","new wet kojak",7.4,0,5,2003,914,27
"786",3925,"level plane","metal","cryonics","hot cross",7.5,0,5,2003,914,11
"787",267,"three-one-g","metal","the stolen singles","arab on radar",7.1,0,5,2003,914,9
"788",8099,"ipecac","metal","mit gas","tomahawk",8.4,0,5,2003,914,96
"789",5508,"sub pop","metal","r.i.p.","murder city devils",3,0,4,2003,914,337
"790",4310,"fondle 'em","metal","re:release: clear blue skies","juggaknots",8.2,0,4,2003,914,2
"791",2749,"fatal","metal","no games no fun","hanin elias",2.1,0,4,2003,914,2
"792",757,"dischord","metal","black eyes","black eyes",7.9,0,4,2003,914,60
"793",2450,"interscope","metal","el cielo","dredg",5.6,0,4,2003,914,174
"794",5256,"metalface","metal","the downfall of ibliys: a ghetto opera","mf grimm",8.3,0,4,2003,914,4
"795",5256,"day by day","metal","the downfall of ibliys: a ghetto opera","mf grimm",8.3,0,4,2003,914,2
"796",1698,"saddle creek","metal","the ugly organ","cursive",7,0,4,2003,914,98
"797",1363,"rca","metal","antenna","cave in",6.1,0,4,2003,914,107
"798",4265,"jade tree","metal","so much staying alive and lovelessness","joan of arc",4.2,0,3,2003,914,47
"799",5815,"better looking","metal","riot for romance!","no knife",6.6,0,2,2003,914,13
"800",7036,"teenbeat","metal","greatest hits","screamer",7.6,0,2,2003,914,11
"801",3447,"fat cat","metal","make it pop","giddy motors",8.3,1,2,2003,914,109
"802",5324,"suicide squeeze","metal","highly refined pirates","minus the bear",5.4,0,2,2003,914,54
"803",2140,"revelation","metal","minority of one","dag nasty",5.1,0,2,2003,914,7
"804",7296,"victory","metal","end transmission","snapcase",4.3,0,1,2003,914,3
"805",1380,"relapse","metal","lucid interval","cephalic carnage",8.1,0,1,2003,914,119
"806",6632,"secretly canadian","metal","satan's kickin' yr dick in","racebannon",8.3,0,1,2003,914,149
"807",7187,"darla","metal","out of key harmony","sinking ships",7.4,0,1,2003,914,50
"808",4079,"olympic","metal","unholy cult","immolation",7.4,0,12,2002,914,1
"809",4079,"listenable","metal","unholy cult","immolation",7.4,0,12,2002,914,4
"810",3523,"tuolumne","metal","gorilla monsoon","gorilla monsoon",2.3,0,12,2002,914,2
"811",1361,"hydra head","metal","tides of tomorrow ep","cave in",6.9,0,12,2002,914,97
"812",2316,"fat wreck chords","metal","situationist comedy","dillinger four",7.4,0,12,2002,914,10
"813",3863,"relapse","metal","surrounded by thieves","high on fire",8.8,0,12,2002,914,119
"814",2314,"epitaph","metal","irony is a dead scene ep","the dillinger escape plan, mike patton",8.4,0,12,2002,914,52
"815",876,"hydra head","metal","an anthology of dead ends ep","botch",4.5,0,11,2002,914,97
"816",31,"parasol","metal","rolled gold","action",8,0,11,2002,914,15
"817",7015,"def jam","metal","the fix","scarface",6.3,0,11,2002,914,119
"818",7655,"southern","metal","going down swingin'","sweep the leg johnny",5.9,0,10,2002,914,32
"819",4213,"blackball","metal","etc.","jawbreaker",4.2,0,10,2002,914,10
"820",5249,"nuclear blast","metal","nothing","meshuggah",8.1,0,10,2002,914,19
"821",8138,"thrill jockey","metal","extremixxx ep","trans am",3.8,0,10,2002,914,320
"822",5220,"ipecac","metal","hostile ambient takeover","melvins",5.6,0,9,2002,914,96
"823",5142,"relapse","metal","remission","mastodon",9,0,9,2002,914,119
"824",2987,"ipecac","metal","millennium monsterwork","the fantmas melvins big band",4.9,0,9,2002,914,96
"825",6606,"interscope","metal","songs for the deaf","queens of the stone age",7.9,0,9,2002,914,174
"826",7404,"dreamworks","metal","wiretap scars","sparta",7.2,0,8,2002,914,12
"827",3457,"jade tree","metal","you can't fight what you can't see","girls against boys",5.5,0,8,2002,914,47
"828",5839,"level plane","metal","the sepultura ep","north of america",6.9,0,7,2002,914,11
"829",3190,"whig music","metal","shockadoom","freestyle fellowship",8.4,0,7,2002,914,2
"830",3190,"zen beats","metal","shockadoom","freestyle fellowship",8.4,0,7,2002,914,2
"831",6076,"monitor","metal","oxxxes","oxes",6.8,0,7,2002,914,23
"832",1594,"equal vision","metal","jane doe","converge",7.7,0,7,2002,914,6
"833",3930,"swami","metal","suicide invoice","hot snakes",8.8,0,7,2002,914,18
"834",7111,"desoto","metal","the egg","shiner",7.4,0,6,2002,914,23
"835",687,"alternative tentacles","metal","the big ka-boom","jello biafra",5,0,6,2002,914,12
"836",7157,"touch and go","metal","italian platinum","silkworm",7.9,0,6,2002,914,109
"837",3442,"some","metal","this is a hospital","the ghost",8.1,0,6,2002,914,2
"838",3432,"vagrant","metal","on a wire","the get up kids",3.3,0,6,2002,914,69
"839",8036,"sub city","metal","the illusion of safety","thrice",6,0,5,2002,914,3
"840",11728,"dischord","metal","super/system","el guapo",5.8,0,5,2002,914,60
"841",2788,"lovitt","metal","demure","engine down",7.5,0,5,2002,914,12
"842",6883,"tiger style","metal","on top","rye coalition",8.2,0,5,2002,914,30
"843",1290,"dischord","metal","rock creek","capitol city dusters",5,0,5,2002,914,60
"844",8134,"thrill jockey","metal","ta","trans am",3.5,0,4,2002,914,320
"845",3433,"vagrant","metal","eudora","the get up kids",3.1,0,4,2002,914,69
"846",3433,"heroes and villains","metal","eudora","the get up kids",3.1,0,4,2002,914,3
"847",5824,"byo","metal","byo split series, vol. iii","rancid, nofx",4.4,0,3,2002,914,2
"848",7317,"nuclear blast","metal","natural born chaos","soilwork",8.5,0,3,2002,914,19
"849",5715,"king crab","metal","prepare to die","nate denver's neck",1.9,0,3,2002,914,3
"850",520,"epitaph","metal","the process of belief","bad religion",5.1,0,3,2002,914,52
"851",7578,"southern lord","metal","flight of the behemoth","sunn o)))",8.5,0,3,2002,914,80
"852",6633,"jagjaguwar","metal","in the grips of the light","racebannon",7.4,0,3,2002,914,177
"853",3189,"ground control","metal","temptations","freestyle fellowship",6.6,0,2,2002,914,2
"854",5779,"beggars banquet","metal","no. 4 ep","new wet kojak",6,0,1,2002,914,45
"855",8342,"jester","metal","perdition city","ulver",2.6,0,1,2002,914,4
"856",6730,"big time","metal","neurotica","redd kross",9,0,1,2002,914,2
"857",8469,"kimchee","metal","carousel","victory at sea",8,0,1,2002,914,5
"858",4391,"punk in my vitamins","metal","action chemistry","karp",7.5,0,1,2002,914,3
"859",1483,"wishing tree","metal","your new boundaries","clairvoyants",4.8,0,1,2002,914,5
"860",1483,"badman","metal","your new boundaries","clairvoyants",4.8,0,1,2002,914,30
"861",176,"second nature","metal","discography 1994-1997","anasarca",4.8,0,1,2002,914,3
"862",6075,"neurot","metal","an evil heat","oxbow",8.1,0,12,2001,914,25
"863",4824,"gsl","metal","flight of the wounded locust ep","the locust",7.8,0,12,2001,914,23
"864",5323,"suicide squeeze","metal","this is what i know about being gigantic ep","minus the bear",8.6,0,12,2001,914,54
"865",2154,"nitro","metal","grave disorder","the damned",3.8,0,12,2001,914,2
"866",8098,"ipecac","metal","tomahawk","tomahawk",7,0,11,2001,914,96
"867",3792,"k","metal","heavenly vs. satan","heavenly",8.5,0,10,2001,914,98
"868",6291,"gern blandsten","metal","games at high speeds","pilot to gunner",7.7,0,10,2001,914,14
"869",6794,"island","metal","united by fate","rival schools",6.3,0,10,2001,914,94
"870",346,"southern","metal","god save the abpk","atombombpocketknife",6.6,0,9,2001,914,32
"871",161,"troubleman unlimited","metal","through the age of quarrel and into the era of putting up with it","american heritage",4.4,0,8,2001,914,58
"872",1701,"saddle creek","metal","burst and bloom ep","cursive",6.9,0,7,2001,914,98
"873",164,"lookout!","metal","jagged thoughts","american steel",3.1,0,7,2001,914,32
"874",177,"troubleman unlimited","metal","calculating components and compound formulas for mass population reconstruction","anasazi",2.6,0,5,2001,914,58
"875",8104,"volcano","metal","lateralus","tool",1.9,0,5,2001,914,4
"876",1024,"desoto","metal","identikit","burning airlines",7.4,0,5,2001,914,23
"877",4269,"jade tree","metal","how can any thing so little be any more ep","joan of arc",2.2,0,4,2001,914,47
"878",2860,"touch and go","metal","dizzy spells","the ex",8.5,0,4,2001,914,109
"879",6812,"vagrant","metal","group sounds","rocket from the crypt",8.2,0,3,2001,914,69
"880",7122,"touch and go","metal","very soon, and in pleasant company","shipping news",6.9,0,1,2001,914,109
"881",7122,"quarterstick","metal","very soon, and in pleasant company","shipping news",6.9,0,1,2001,914,28
"882",110,"vagrant","metal","from here to infirmary","alkaline trio",6.5,0,12,2000,914,69
"883",12,"slowdime","metal","abilene","abilene",7,0,12,2000,914,2
"884",2992,"dischord","metal","the view from this tower","faraquet",8,0,11,2000,914,60
"885",4385,"southern","metal","unsolved","karate",7.9,0,10,2000,914,32
"886",7988,"ark 21","metal","so much for the ten year plan: a retrospective 1990-2000","therapy?",6.5,0,10,2000,914,4
"887",2414,"touch and go","metal","american don","don caballero",7.5,0,10,2000,914,109
"888",8136,"thrill jockey","metal","the red line","trans am",8.7,0,9,2000,914,320
"889",4270,"jade tree","metal","the gap","joan of arc",1.9,0,8,2000,914,47
"890",1362,"hydra head","metal","jupiter","cave in",4.9,0,8,2000,914,97
"891",691,"box factory","metal","split ep","big'n, oxes",7.8,0,7,2000,914,3
"892",5509,"sub pop","metal","in name and blood","murder city devils",3.1,0,7,2000,914,337
"893",1700,"saddle creek","metal","cursive's domestica","cursive",8,0,6,2000,914,98
"894",8133,"thrill jockey","metal","you can always get what you want","trans am",7.3,0,5,2000,914,320
"895",2384,"beggars banquet","metal","the quick and the dead","dj spooky, scanner",7.6,0,4,2000,914,45
"896",2384,"sulfur","metal","the quick and the dead","dj spooky, scanner",7.6,0,4,2000,914,3
"897",3931,"swami","metal","automatic midnight","hot snakes",7.6,0,4,2000,914,18
"898",5716,"dischord","metal","the embassy tapes","nation of ulysses",6.6,0,4,2000,914,60
"899",3151,"touch and go","metal","the for carnation","the for carnation",8,0,4,2000,914,109
"900",905,"polyvinyl","metal","movie music, volumes one and two","braid",4.3,0,3,2000,914,135
"901",2496,"epitaph","metal","come clean","dwarves",6,0,3,2000,914,52
"902",268,"skin graft","metal","soak the saddle","arab on radar",2,0,1,2000,914,16
"903",4212,"blackball","metal","live 4/30/96","jawbreaker",6.9,0,11,1999,914,10
"904",281,"touch and go","metal","everest","arcwelder",5.7,0,9,1999,914,109
"905",3430,"vagrant","metal","something to write home about","the get up kids",2,0,9,1999,914,69
"906",3431,"doghouse","metal","red letter day ep","the get up kids",5.1,0,7,1999,914,4
"907",4315,"touch and go","metal","anahata","june of 44",7.8,0,6,1999,914,109
"908",8116,"konkurrent","metal","in the fishtank","tortoise, the ex",6.2,0,5,1999,914,11
"909",8116,"touch and go","metal","in the fishtank","tortoise, the ex",6.2,0,5,1999,914,109
"910",3437,"drag city","metal","tune in, turn on, free tibet","ghost",5.7,0,3,1999,914,301
"911",3438,"drag city","metal","snuffbox immanence","ghost",8.7,0,3,1999,914,301
"912",8137,"thrill jockey","metal","futureworld","trans am",8,0,3,1999,914,320
"913",1023,"desoto","metal","mission: control!","burning airlines",8.4,0,2,1999,914,23
"914",2413,"touch and go","metal","singles breaking up, vol. 1","don caballero",7.2,0,1,1999,914,109
